Alimentos,Categoria
Arroz,Cereais e leguminosas
Milho,Cereais e leguminosas
Canjiquinha de milho em grão,Cereais e leguminosas
Xerém de milho,Cereais e leguminosas
Amendoim,Cereais e leguminosas
Ervilha em grão,Cereais e leguminosas
Fava,Cereais e leguminosas
Mangalô amargo em grão,Cereais e leguminosas
Feijão-de-corda,Cereais e leguminosas
Feijão-verde,Cereais e leguminosas
Semente de linhaça,Cereais e leguminosas
Andu,Cereais e leguminosas
Grão de bico,Cereais e leguminosas
Lentilha,Cereais e leguminosas
Soja em grão,Cereais e leguminosas
Feijão,Cereais e leguminosas
Quirera,Cereais e leguminosas
Feijão-verde orgânico,Cereais e leguminosas
Feijão orgânico,Cereais e leguminosas
Pipoca light,Cereais e leguminosas
Arroz orgânico,Cereais e leguminosas
Arroz integral orgânico,Cereais e leguminosas
Feijão-de-soja orgânico,Cereais e leguminosas
Quinoa,Cereais e leguminosas
Batata-inglesa,Hortaliças tuberosas
Mandioquinha salsa,Hortaliças tuberosas
Batata-baroa,Hortaliças tuberosas
Cenoura amarela,Hortaliças tuberosas
Batata-doce,Hortaliças tuberosas
Inhame,Hortaliças tuberosas
Quicaré,Hortaliças tuberosas
Mandioca,Hortaliças tuberosas
Aipim,Hortaliças tuberosas
Macaxeira,Hortaliças tuberosas
Cará,Hortaliças tuberosas
Inhame caraquento,Hortaliças tuberosas
Batata,Hortaliças tuberosas
Mandioquinha,Hortaliças tuberosas
Rabanete,Hortaliças tuberosas
Beterraba,Hortaliças tuberosas
Cenoura,Hortaliças tuberosas
Nabo,Hortaliças tuberosas
Açafrão,Hortaliças tuberosas
Batata-inglesa orgânica,Hortaliças tuberosas
Creme de arroz,"Farinhas, féculas e massas"
Arrozina,"Farinhas, féculas e massas"
Mucilon,"Farinhas, féculas e massas"
Mingau de arroz,"Farinhas, féculas e massas"
Croquinhos de arroz,"Farinhas, féculas e massas"
Farinha de aveia,"Farinhas, féculas e massas"
Aveia em flocos,"Farinhas, féculas e massas"
Fubá de milho,"Farinhas, féculas e massas"
Farinha de milho,"Farinhas, féculas e massas"
Puba de milho,"Farinhas, féculas e massas"
Puba de fubá,"Farinhas, féculas e massas"
Milho moído,"Farinhas, féculas e massas"
Mingau de milho,"Farinhas, féculas e massas"
Amido de milho,"Farinhas, féculas e massas"
Amido de arroz,"Farinhas, féculas e massas"
Cremogema,"Farinhas, féculas e massas"
Vitamilho,"Farinhas, féculas e massas"
Creme de milho,"Farinhas, féculas e massas"
Sucrilhos de milho,"Farinhas, féculas e massas"
Cereal matinal de milho em flocos,"Farinhas, féculas e massas"
Germe de trigo,"Farinhas, féculas e massas"
Fibra de trigo,"Farinhas, féculas e massas"
Fibra de cereal trigo,"Farinhas, féculas e massas"
Farinha de mandioca,"Farinhas, féculas e massas"
Farinha de copioba,"Farinhas, féculas e massas"
Farinha d'água,"Farinhas, féculas e massas"
Cruera,"Farinhas, féculas e massas"
Goma de mandioca,"Farinhas, féculas e massas"
Sagu de mandioca,"Farinhas, féculas e massas"
Farinha de tapioca,"Farinhas, féculas e massas"
Farinha beiju,"Farinhas, féculas e massas"
Sagu de tapioca,"Farinhas, féculas e massas"
Tapioca de goma,"Farinhas, féculas e massas"
Farinha láctea,"Farinhas, féculas e massas"
Neston,"Farinhas, féculas e massas"
Flocos de cereais,"Farinhas, féculas e massas"
Vitaflocos,"Farinhas, féculas e massas"
Mini pizza semipronta,"Farinhas, féculas e massas"
Fibra de soja,"Farinhas, féculas e massas"
Minipastel,"Farinhas, féculas e massas"
Macarrão ,"Farinhas, féculas e massas"
Purê de batata,"Farinhas, féculas e massas"
Bife vegetal,"Farinhas, féculas e massas"
Carne vegetal,"Farinhas, féculas e massas"
Pasta de soja,"Farinhas, féculas e massas"
Carne de soja,"Farinhas, féculas e massas"
Amendoim moído,"Farinhas, féculas e massas"
Granola ,"Farinhas, féculas e massas"
Musli,"Farinhas, féculas e massas"
Mix de cereais,"Farinhas, féculas e massas"
Miojo,"Farinhas, féculas e massas"
Macarrão instantâneo,"Farinhas, féculas e massas"
Sustagem,"Farinhas, féculas e massas"
Proteína de soja,"Farinhas, féculas e massas"
Proteína vegetal,"Farinhas, féculas e massas"
Complemento alimentar,"Farinhas, féculas e massas"
Sucrilhos de milho light,"Farinhas, féculas e massas"
Mini pizza semipronta light,"Farinhas, féculas e massas"
Macarrão instantâneo light,"Farinhas, féculas e massas"
Proteína de soja orgânica,"Farinhas, féculas e massas"
Macarrão com carne,"Farinhas, féculas e massas"
Macarrão com peixe,"Farinhas, féculas e massas"
Coco-da-baía,"Cocos, castanhas e nozes"
Castanha portuguesa,"Cocos, castanhas e nozes"
Pinhão,"Cocos, castanhas e nozes"
Amêndoa,"Cocos, castanhas e nozes"
Avelã,"Cocos, castanhas e nozes"
Castanha-do-pará,"Cocos, castanhas e nozes"
Castanha de caju,"Cocos, castanhas e nozes"
Butiá,"Cocos, castanhas e nozes"
Tucumã,"Cocos, castanhas e nozes"
Coco de mucajá,"Cocos, castanhas e nozes"
Noz,"Cocos, castanhas e nozes"
Açaí ,"Cocos, castanhas e nozes"
Juçara,"Cocos, castanhas e nozes"
Uaçaí,"Cocos, castanhas e nozes"
Jussara,"Cocos, castanhas e nozes"
Pupunha,"Cocos, castanhas e nozes"
Bacaba,"Cocos, castanhas e nozes"
Bacabuçu,"Cocos, castanhas e nozes"
Castanha-da-índia,"Cocos, castanhas e nozes"
Pistache,"Cocos, castanhas e nozes"
Buriti ,"Cocos, castanhas e nozes"
Coco ,"Cocos, castanhas e nozes"
Patauá ,"Cocos, castanhas e nozes"
Alface,"Hortaliças folhosas, frutosas e outras"
Bertalha,"Hortaliças folhosas, frutosas e outras"
Chicória,"Hortaliças folhosas, frutosas e outras"
Escarola,"Hortaliças folhosas, frutosas e outras"
Couve,"Hortaliças folhosas, frutosas e outras"
Couve-flor,"Hortaliças folhosas, frutosas e outras"
Espinafre,"Hortaliças folhosas, frutosas e outras"
Mostarda,"Hortaliças folhosas, frutosas e outras"
Repolho,"Hortaliças folhosas, frutosas e outras"
Cebolinha,"Hortaliças folhosas, frutosas e outras"
Agrião,"Hortaliças folhosas, frutosas e outras"
Taioba,"Hortaliças folhosas, frutosas e outras"
Acelga,"Hortaliças folhosas, frutosas e outras"
Beterraba branca,"Hortaliças folhosas, frutosas e outras"
Almeirão,"Hortaliças folhosas, frutosas e outras"
Radite,"Hortaliças folhosas, frutosas e outras"
Brócolis,"Hortaliças folhosas, frutosas e outras"
Serralha,"Hortaliças folhosas, frutosas e outras"
Caruru,"Hortaliças folhosas, frutosas e outras"
Cuxá,"Hortaliças folhosas, frutosas e outras"
Vinagreira ,"Hortaliças folhosas, frutosas e outras"
Cariru,"Hortaliças folhosas, frutosas e outras"
Rúcula,"Hortaliças folhosas, frutosas e outras"
Jambu,"Hortaliças folhosas, frutosas e outras"
Língua de vaca,"Hortaliças folhosas, frutosas e outras"
Alcachofra,"Hortaliças folhosas, frutosas e outras"
Bredo,"Hortaliças folhosas, frutosas e outras"
Salsão,"Hortaliças folhosas, frutosas e outras"
Aipo,"Hortaliças folhosas, frutosas e outras"
Erva-doce,"Hortaliças folhosas, frutosas e outras"
Folha de aipim,"Hortaliças folhosas, frutosas e outras"
Folha de macaxeira,"Hortaliças folhosas, frutosas e outras"
Broto de feijão,"Hortaliças folhosas, frutosas e outras"
Moranga,"Hortaliças folhosas, frutosas e outras"
Abobrinha,"Hortaliças folhosas, frutosas e outras"
Jerimum,"Hortaliças folhosas, frutosas e outras"
Abóbora,"Hortaliças folhosas, frutosas e outras"
Pépino,"Hortaliças folhosas, frutosas e outras"
Chuchu,"Hortaliças folhosas, frutosas e outras"
Jiló,"Hortaliças folhosas, frutosas e outras"
Maxixe,"Hortaliças folhosas, frutosas e outras"
Pepininho,"Hortaliças folhosas, frutosas e outras"
Palmito in natura,"Hortaliças folhosas, frutosas e outras"
Guariroba,"Hortaliças folhosas, frutosas e outras"
Gueroba,"Hortaliças folhosas, frutosas e outras"
Pimentão,"Hortaliças folhosas, frutosas e outras"
Quiabo,"Hortaliças folhosas, frutosas e outras"
Tomate,"Hortaliças folhosas, frutosas e outras"
Vagem,"Hortaliças folhosas, frutosas e outras"
Cogumelo in natura,"Hortaliças folhosas, frutosas e outras"
Berinjela,"Hortaliças folhosas, frutosas e outras"
Ervilha em vagem,"Hortaliças folhosas, frutosas e outras"
Cebola,"Hortaliças folhosas, frutosas e outras"
Catalonha,"Hortaliças folhosas, frutosas e outras"
Jardineira,"Hortaliças folhosas, frutosas e outras"
Seleta,"Hortaliças folhosas, frutosas e outras"
Alho,"Hortaliças folhosas, frutosas e outras"
Alho-poró,"Hortaliças folhosas, frutosas e outras"
Broto de alfafa,"Hortaliças folhosas, frutosas e outras"
Alface orgânica,"Hortaliças folhosas, frutosas e outras"
Tomate orgânico,"Hortaliças folhosas, frutosas e outras"
Pimentão orgânico,"Hortaliças folhosas, frutosas e outras"
Orégano,"Hortaliças folhosas, frutosas e outras"
Pacová,Frutas
Banana,Frutas
Laranja,Frutas
Lima,Frutas
Limão,Frutas
Tangerina,Frutas
Mexerica,Frutas
Bergamota,Frutas
Mimosa,Frutas
Tanja,Frutas
Maricota,Frutas
Laranjinha japonesa,Frutas
Cana-de-açúcar,Frutas
Abacaxi,Frutas
Ananás,Frutas
Abacate,Frutas
Caqui,Frutas
Figo,Frutas
Maçã,Frutas
Mamão,Frutas
Papaia,Frutas
Manga,Frutas
Manguito,Frutas
Maracujá,Frutas
Melancia,Frutas
Melão,Frutas
pera,Frutas
Pêssego,Frutas
Fruta-de-conde,Frutas
Pinha (fruta-de-conde),Frutas
Ata,Frutas
Uva,Frutas
Uva passa,Frutas
Jenipapo ,Frutas
Jaca,Frutas
Goiaba,Frutas
Araçá-açu,Frutas
Ameixa,Frutas
Caju,Frutas
Cereja,Frutas
Cajá-manga,Frutas
Cajarana,Frutas
Taperebá,Frutas
Acaja,Frutas
Carambola,Frutas
Jabuticaba,Frutas
Graviola,Frutas
Morango,Frutas
Jambo,Frutas
Atemoia ,Frutas
Mangaba,Frutas
Araçá,Frutas
Nêspera,Frutas
Fruta-pão,Frutas
Sapoti,Frutas
Uxi,Frutas
Tamarindo,Frutas
Cacau,Frutas
Pitomba ,Frutas
Bacuri,Frutas
Ingá,Frutas
Pequi,Frutas
Pitanga ,Frutas
Ciriguela,Frutas
Murici,Frutas
Umbu,Frutas
Imbu,Frutas
Biribá,Frutas
Cupuaçu,Frutas
Nectarina,Frutas
Mari,Frutas
Romã,Frutas
Acerola,Frutas
Kiwi,Frutas
Abiu,Frutas
Jurubeba,Frutas
Fruta,Frutas
Maçã orgânica,Frutas
Acerola orgânica,Frutas
Amora,Frutas
Jamelão,Frutas
Jamburão,Frutas
Demerara,Açúcares e produtos de confeitaria 
Açúcar mascavo,Açúcares e produtos de confeitaria 
Rapadura,Açúcares e produtos de confeitaria 
Alfenim de cana,Açúcares e produtos de confeitaria 
Batida (rapadura),Açúcares e produtos de confeitaria 
Sorvete de qualquer sabor industrializado,Açúcares e produtos de confeitaria 
Picolé de qualquer sabor industrializado,Açúcares e produtos de confeitaria 
Chiclete,Açúcares e produtos de confeitaria 
Bala,Açúcares e produtos de confeitaria 
Caramelo (bala),Açúcares e produtos de confeitaria 
Drops,Açúcares e produtos de confeitaria 
Pastilha,Açúcares e produtos de confeitaria 
Pirulito,Açúcares e produtos de confeitaria 
Goma de mascar,Açúcares e produtos de confeitaria 
Jujuba,Açúcares e produtos de confeitaria 
Tablete de chocolate,Açúcares e produtos de confeitaria 
Barra de chocolate,Açúcares e produtos de confeitaria 
Confete,Açúcares e produtos de confeitaria 
Chocolate em pó de qualquer marca,Açúcares e produtos de confeitaria 
Ovomaltine,Açúcares e produtos de confeitaria 
Achocolatado em pó,Açúcares e produtos de confeitaria 
Toddynho,Açúcares e produtos de confeitaria 
Bombom de qualquer marca,Açúcares e produtos de confeitaria 
Trufa ,Açúcares e produtos de confeitaria 
Geleia de frutas de qualquer marca ou sabor,Açúcares e produtos de confeitaria 
Mousse de qualquer sabor (Geleia) ,Açúcares e produtos de confeitaria 
Geleia de mocotó,Açúcares e produtos de confeitaria 
Doce de frutas em pasta de qualquer sabor,Açúcares e produtos de confeitaria 
Pasta de amendoim,Açúcares e produtos de confeitaria 
Pessegada,Açúcares e produtos de confeitaria 
Marmelada,Açúcares e produtos de confeitaria 
Figada,Açúcares e produtos de confeitaria 
Goiabada,Açúcares e produtos de confeitaria 
Caju em pasta,Açúcares e produtos de confeitaria 
Mariola,Açúcares e produtos de confeitaria 
Doce de frutas em calda de qualquer sabor,Açúcares e produtos de confeitaria 
Doce de frutas cristalizado de qualquer sabor,Açúcares e produtos de confeitaria 
Melado,Açúcares e produtos de confeitaria 
Mel ,Açúcares e produtos de confeitaria 
Gelatina de qualquer sabor,Açúcares e produtos de confeitaria 
Adoçante artificial,Açúcares e produtos de confeitaria 
Merengue,Açúcares e produtos de confeitaria 
Schimier de cana,Açúcares e produtos de confeitaria 
Fruta seca ou desidratada,Açúcares e produtos de confeitaria 
Passa,Açúcares e produtos de confeitaria 
Pudim de qualquer sabor,Açúcares e produtos de confeitaria 
Danette pudim,Açúcares e produtos de confeitaria 
Manjar,Açúcares e produtos de confeitaria 
Cuscuz,Açúcares e produtos de confeitaria 
Cuscuz de tapioca,Açúcares e produtos de confeitaria 
Maria-mole,Açúcares e produtos de confeitaria 
Cocada,Açúcares e produtos de confeitaria 
Quebra-queixo,Açúcares e produtos de confeitaria 
Doce de amendoim,Açúcares e produtos de confeitaria 
Pé de moleque,Açúcares e produtos de confeitaria 
Paçoca,Açúcares e produtos de confeitaria 
Torrão de amendoim,Açúcares e produtos de confeitaria 
Paçoquinha de amendoim,Açúcares e produtos de confeitaria 
Amendoim caramelizado,Açúcares e produtos de confeitaria 
Amendoim amanteigado,Açúcares e produtos de confeitaria 
Amendoim achocolatado,Açúcares e produtos de confeitaria 
Amendoim apimentado,Açúcares e produtos de confeitaria 
Amendoim cozido,Açúcares e produtos de confeitaria 
Brigadeiro,Açúcares e produtos de confeitaria 
Bomba de qualquer tipo,Açúcares e produtos de confeitaria 
Mil folhas,Açúcares e produtos de confeitaria 
Queijadinha,Açúcares e produtos de confeitaria 
Doce à base de ovos,Açúcares e produtos de confeitaria 
Caçarola italiana,Açúcares e produtos de confeitaria 
Quindim,Açúcares e produtos de confeitaria 
Fios de ovos,Açúcares e produtos de confeitaria 
Doce à base de leite,Açúcares e produtos de confeitaria 
Pavê de qualquer sabor,Açúcares e produtos de confeitaria 
Ambrosia,Açúcares e produtos de confeitaria 
Leite geleificado,Açúcares e produtos de confeitaria 
Chandele de qualquer sabor,Açúcares e produtos de confeitaria 
Mumu ,Açúcares e produtos de confeitaria 
Canudinho recheado,Açúcares e produtos de confeitaria 
Sarolho,Açúcares e produtos de confeitaria 
Beiju,Açúcares e produtos de confeitaria 
Schimier de fruta (exceto de cana),Açúcares e produtos de confeitaria 
Beijo de moça,Açúcares e produtos de confeitaria 
Picolé ensacado,Açúcares e produtos de confeitaria 
Geladinho,Açúcares e produtos de confeitaria 
Churro,Açúcares e produtos de confeitaria 
Pamonha,Açúcares e produtos de confeitaria 
Algodão-doce,Açúcares e produtos de confeitaria 
Io-Iô crem (chocolate em creme),Açúcares e produtos de confeitaria 
Ovo de páscoa,Açúcares e produtos de confeitaria 
Kinder ovo,Açúcares e produtos de confeitaria 
Torrone,Açúcares e produtos de confeitaria 
Arroz-doce,Açúcares e produtos de confeitaria 
Polpa de coco,Açúcares e produtos de confeitaria 
Diet shake,Açúcares e produtos de confeitaria 
Concentrado alimentar diet shake,Açúcares e produtos de confeitaria 
Açúcar ,Açúcares e produtos de confeitaria 
Açúcar light,Açúcares e produtos de confeitaria 
Barra de cereais,Açúcares e produtos de confeitaria 
Barra de cereais salgada,Açúcares e produtos de confeitaria 
Barra de cereais doce,Açúcares e produtos de confeitaria 
Sobremesa de qualquer tipo (exceto infantil),Açúcares e produtos de confeitaria 
Rabanada,Açúcares e produtos de confeitaria 
Milk shake ,Açúcares e produtos de confeitaria 
Geleia diet,Açúcares e produtos de confeitaria 
Doce de frutas diet,Açúcares e produtos de confeitaria 
Pastéis de santa clara,Açúcares e produtos de confeitaria 
Suspiro,Açúcares e produtos de confeitaria 
Doce de frutas cristalizado de qualquer sabor diet,Açúcares e produtos de confeitaria 
Sorvete de qualquer sabor industrializado light,Açúcares e produtos de confeitaria 
Sorvete de qualquer sabor industrializado diet,Açúcares e produtos de confeitaria 
Bala light,Açúcares e produtos de confeitaria 
Chiclete diet,Açúcares e produtos de confeitaria 
Bala diet,Açúcares e produtos de confeitaria 
Barra de chocolate light,Açúcares e produtos de confeitaria 
Barra de chocolate diet,Açúcares e produtos de confeitaria 
Achocolatado em pó light,Açúcares e produtos de confeitaria 
Achocolatado em pó diet,Açúcares e produtos de confeitaria 
Toddynho diet,Açúcares e produtos de confeitaria 
Bombom de qualquer marca light,Açúcares e produtos de confeitaria 
Bombom de qualquer marca diet,Açúcares e produtos de confeitaria 
Bombom caramelizado de qualquer marca diet,Açúcares e produtos de confeitaria 
Geleia de frutas de qualquer marca ou sabor light,Açúcares e produtos de confeitaria 
Geleia light,Açúcares e produtos de confeitaria 
Geleia de frutas light,Açúcares e produtos de confeitaria 
Doce de frutas em barra ou pasta light,Açúcares e produtos de confeitaria 
Doce de frutas em pasta light,Açúcares e produtos de confeitaria 
Pudim de qualquer sabor light,Açúcares e produtos de confeitaria 
Pudim danette light,Açúcares e produtos de confeitaria 
Pudim de qualquer sabor diet,Açúcares e produtos de confeitaria 
Doce de leite light,Açúcares e produtos de confeitaria 
Doce de leite diet,Açúcares e produtos de confeitaria 
Barra de cereais diet,Açúcares e produtos de confeitaria 
Barra de cereais doce diet,Açúcares e produtos de confeitaria 
Milk shake diet,Açúcares e produtos de confeitaria 
Cocada diet,Açúcares e produtos de confeitaria 
Doce de amendoim diet,Açúcares e produtos de confeitaria 
Paçoca diet,Açúcares e produtos de confeitaria 
Amendoim amanteigado diet,Açúcares e produtos de confeitaria 
Doce à base de leite diet,Açúcares e produtos de confeitaria 
Gelatina de qualquer sabor light,Açúcares e produtos de confeitaria 
Adoçante light,Açúcares e produtos de confeitaria 
Adoçante em pó light,Açúcares e produtos de confeitaria 
Adoçante liquido light,Açúcares e produtos de confeitaria 
Mostarda molho,Sais e condimentos
Hortelã,Sais e condimentos
Alcaparra em conserva,Sais e condimentos
Coentro,Sais e condimentos
Molho de soja,Sais e condimentos
Shoyo,Sais e condimentos
Leite de coco,Sais e condimentos
Maionese (molho),Sais e condimentos
Massa de tomate,Sais e condimentos
Molho de tomate,Sais e condimentos
Ketchup,Sais e condimentos
Catchup,Sais e condimentos
Pimenta em pó,Sais e condimentos
Tucupi em caldo sem pimenta,Sais e condimentos
Creme de queijo,Sais e condimentos
Caldo de peixe,Sais e condimentos
Caldo de tomate,Sais e condimentos
Gergelim,Sais e condimentos
Tomate seco,Sais e condimentos
Maionese (molho) light,Sais e condimentos
Molho de soja light,Sais e condimentos
Leite de coco light,Sais e condimentos
Vinagrete,Sais e condimentos
Filé-mignon,Carnes e vísceras
Contrafilé,Carnes e vísceras
Bisteca bovina,Carnes e vísceras
Alcatra,Carnes e vísceras
Alcatra ,Carnes e vísceras
Maminha,Carnes e vísceras
Picanha,Carnes e vísceras
Picanha ,Carnes e vísceras
Patinho,Carnes e vísceras
Cabeça de lombo (carne bovina),Carnes e vísceras
Posta branca,Carnes e vísceras
Tatu (lagarto redondo),Carnes e vísceras
Paulista,Carnes e vísceras
Lombo paulista (carne bovina),Carnes e vísceras
Posta vermelha,Carnes e vísceras
Acém,Carnes e vísceras
Agulha (acém),Carnes e vísceras
Paleta ,Carnes e vísceras
Pá com osso,Carnes e vísceras
Músculo bovino,Carnes e vísceras
Chambaril,Carnes e vísceras
Carne marica bovina,Carnes e vísceras
Vazio (carne bovina),Carnes e vísceras
Peito bovino,Carnes e vísceras
Fraldinha (capa de filé),Carnes e vísceras
Aba de filé ,Carnes e vísceras
Costela bovina,Carnes e vísceras
Jacaré (carne bovina de segunda c/ osso),Carnes e vísceras
Filé de segunda,Carnes e vísceras
Víscera bovina ,Carnes e vísceras
Panelada (vísceras bovinas não especificadas),Carnes e vísceras
Coração bovino,Carnes e vísceras
Rim de boi ,Carnes e vísceras
Bofe bovino,Carnes e vísceras
Miolo de boi,Carnes e vísceras
Tripa bovina,Carnes e vísceras
Dobradinha fresca,Carnes e vísceras
Fato bovino,Carnes e vísceras
Fato caprino,Carnes e vísceras
Fígado bovino,Carnes e vísceras
Cupim,Carnes e vísceras
Língua bovina,Carnes e vísceras
Rabada de boi,Carnes e vísceras
Mocotó bovino,Carnes e vísceras
Braço bovino,Carnes e vísceras
Mão bovina,Carnes e vísceras
Carré ,Carnes e vísceras
Bisteca suína,Carnes e vísceras
Pernil suíno,Carnes e vísceras
Quarto suíno,Carnes e vísceras
Costela suína,Carnes e vísceras
Lombo suíno,Carnes e vísceras
Toucinho,Carnes e vísceras
Míudo suíno,Carnes e vísceras
Arrasto suíno,Carnes e vísceras
Sarapatel suíno fresco,Carnes e vísceras
Carne suína,Carnes e vísceras
Carne moída ,Carnes e vísceras
Carne moída,Carnes e vísceras
Guisado ,Carnes e vísceras
Tripa suína,Carnes e vísceras
Figado suíno,Carnes e vísceras
Língua suína,Carnes e vísceras
Orelha suína fresca,Carnes e vísceras
Sarrabulho,Carnes e vísceras
Mocotó suíno,Carnes e vísceras
Carne de cabrito ,Carnes e vísceras
Carne de bode,Carnes e vísceras
Carne de bode ,Carnes e vísceras
Carne caprina,Carnes e vísceras
Carne de caprino,Carnes e vísceras
Carne de carneiro,Carnes e vísceras
Carne de ovelha,Carnes e vísceras
Mocotó de caprino,Carnes e vísceras
Pernil ,Carnes e vísceras
Lagarto bovino ,Carnes e vísceras
Alcatra suína,Carnes e vísceras
Alcatra suína ,Carnes e vísceras
Brachola,Carnes e vísceras
Bife role cru,Carnes e vísceras
Buchada de bode,Carnes e vísceras
Suã suína,Carnes e vísceras
Carne de outros animais,Carnes e vísceras
Carne da paca,Carnes e vísceras
Carne de jacaré,Carnes e vísceras
Carne de capivara,Carnes e vísceras
Carne de cotia,Carnes e vísceras
Carne de jabuti,Carnes e vísceras
Carne de primeira ,Carnes e vísceras
Chuleta,Carnes e vísceras
Filé não especificado,Carnes e vísceras
Miúdo de bode ,Carnes e vísceras
Pé suíno fresco,Carnes e vísceras
Carne bovina ,Carnes e vísceras
Carne bovina,Carnes e vísceras
Lombo não especificado,Carnes e vísceras
Músculo não especificado,Carnes e vísceras
Ossada não especificada,Carnes e vísceras
Carne de segunda ,Carnes e vísceras
Contrafilé orgânico,Carnes e vísceras
Bisteca orgânica,Carnes e vísceras
Cabeça de lombo (carne bovina) orgânica,Carnes e vísceras
Tatu (lagarto redondo) orgânico,Carnes e vísceras
"Peixe de mar (inteiro, em posta, em filé, etc.)  ",Pescados e frutos do mar
"Peixe de mar salgado (inteiro, em posta, em filé, etc.) ",Pescados e frutos do mar
Camarão,Pescados e frutos do mar
Camarão ,Pescados e frutos do mar
Siri,Pescados e frutos do mar
Bau (siri),Pescados e frutos do mar
Goiá,Pescados e frutos do mar
Caranguejo,Pescados e frutos do mar
Guaiamu,Pescados e frutos do mar
Marisco,Pescados e frutos do mar
Ostra,Pescados e frutos do mar
Lula,Pescados e frutos do mar
Sururu,Pescados e frutos do mar
Bacalhau,Pescados e frutos do mar
Ovas de peixe (qualquer espécie),Pescados e frutos do mar
"Peixe de água doce (inteiro, em posta, em filé, etc.) ",Pescados e frutos do mar
"Peixe de água doce salgado (inteiro, em posta, em filé, etc.) ",Pescados e frutos do mar
Tracajá,Pescados e frutos do mar
"Peixe não especificado (inteiro, em posta, em filé, etc.)",Pescados e frutos do mar
"Peixe não especificado salgado (inteiro, em posta, em filé, etc.)",Pescados e frutos do mar
Azeitona,Enlatados e conservas
Ervilha em conserva,Enlatados e conservas
Petit-pois,Enlatados e conservas
Milho verde em conserva,Enlatados e conservas
Palmito em conserva,Enlatados e conservas
Cogumelo em conserva,Enlatados e conservas
Champignon em conserva,Enlatados e conservas
Aspargo em conserva,Enlatados e conservas
Repolho em conserva,Enlatados e conservas
Chucrute,Enlatados e conservas
Legume não especificado em conserva,Enlatados e conservas
Creme de cebola (sopa desidratada),Enlatados e conservas
Creme de legumes (sopa desidratada),Enlatados e conservas
Yakissoba ,Enlatados e conservas
Milho verde com ervilha em conserva,Enlatados e conservas
Feijoada,Enlatados e conservas
Feijão branco com dobradinha em conserva,Enlatados e conservas
Cozido,Enlatados e conservas
Pasta de carne em conserva,Enlatados e conservas
Pasta de presunto em conserva,Enlatados e conservas
Pasta de galinha em conserva,Enlatados e conservas
Carne bovina em conserva,Enlatados e conservas
Almôndega ,Enlatados e conservas
Kitute bovino,Enlatados e conservas
Almôndega ao molho em conserva,Enlatados e conservas
Kitute suíno,Enlatados e conservas
Presuntada,Enlatados e conservas
Fiambre ,Enlatados e conservas
Salsicha em conserva,Enlatados e conservas
Sardinha em conserva,Enlatados e conservas
Atum em conserva,Enlatados e conservas
Pepino em conserva,Enlatados e conservas
Pasta de peixe em conserva,Enlatados e conservas
Picles,Enlatados e conservas
Nabo em conserva,Enlatados e conservas
Strogonoff ,Enlatados e conservas
Salmão em conserva,Enlatados e conservas
Creme de cebola (sopa desidratada) light,Enlatados e conservas
Creme de legumes (sopa desidratada) light,Enlatados e conservas
Yakissoba (sopa de legumes desidratada) light,Enlatados e conservas
Atum em conserva light,Enlatados e conservas
Frango inteiro,Aves e ovos  
Parte de galinha ou frango não especificada,Aves e ovos  
Frango em pedaços,Aves e ovos  
Galinha em pedaços ,Aves e ovos  
Carne de galinha ,Aves e ovos  
Peito de galinha ou frango,Aves e ovos  
Filé de frango,Aves e ovos  
Carcaça de galinha ou frango,Aves e ovos  
Asa de galinha ou frango,Aves e ovos  
Drumete de galinha ou frango,Aves e ovos  
Pescoço de galinha ou frango,Aves e ovos  
Pé de galinha ou frango,Aves e ovos  
Miúdo de galinha ou frango ,Aves e ovos  
Moela de galinha ou frango,Aves e ovos  
Coração de frango,Aves e ovos  
Fígado de galinha ou frango,Aves e ovos  
Canja ,Aves e ovos  
Peru em pedaço não especificado,Aves e ovos  
Peito de peru,Aves e ovos  
Asa de peru,Aves e ovos  
Chester ,Aves e ovos  
Tender,Aves e ovos  
Nambu ,Aves e ovos  
Nuggets de frango,Aves e ovos  
Steak de frango,Aves e ovos  
Codorna,Aves e ovos  
Pé e asa de galinha ou frango,Aves e ovos  
Ovo de galinha,Aves e ovos  
Ovo de codorna,Aves e ovos  
"Galinha-d'angola abatida, congelada ou viva",Aves e ovos  
Capote ,Aves e ovos  
Mutum ,Aves e ovos  
Pato em pedaços,Aves e ovos  
Peito de pato,Aves e ovos  
Carne de pato ,Aves e ovos  
Peito de peru light,Aves e ovos  
Frango inteiro orgânico,Aves e ovos  
Filé de frango orgânico,Aves e ovos  
Leite de vaca integral,Laticínios
Leite de vaca fresco ,Laticínios
Leite de cabra,Laticínios
Leite em pó integral,Laticínios
Leite em pó desnatado,Laticínios
Leite em pó ,Laticínios
Leite condensado,Laticínios
Leite beijinho,Laticínios
Creme de leite,Laticínios
Chantilly,Laticínios
Iogurte de qualquer sabor,Laticínios
Iogurte desnatado,Laticínios
Iogurte natural,Laticínios
Yakult de qualquer sabor,Laticínios
Bebida láctea,Laticínios
Leite fermentado,Laticínios
Coalhada,Laticínios
Manteiga com ou sem sal,Laticínios
Manteiga de garrafa,Laticínios
Margarina com ou sem sal,Laticínios
Queijo prato,Laticínios
Queijo colonial,Laticínios
Queijo de colônia,Laticínios
Queijo muçarela,Laticínios
Muçarela,Laticínios
Muçarela de búfala,Laticínios
Queijo de búfala,Laticínios
Queijo de reino,Laticínios
Queijo de minas,Laticínios
Queijo de manteiga,Laticínios
Quechimia,Laticínios
Queijo de coalho,Laticínios
Queijo canastra,Laticínios
Queijo ricota,Laticínios
Leite de soja com sabor ,Laticínios
Ades original,Laticínios
Queijo ralado,Laticínios
Queijo provolone,Laticínios
Queijo polenguinho,Laticínios
Requeijão,Laticínios
Queijo cremoso,Laticínios
Queijo não especificado,Laticínios
Leite com sabor,Laticínios
Leite achocolatado,Laticínios
Leite aRomãtizado,Laticínios
Bebida achocolatada,Laticínios
Nata,Laticínios
Queijo gorgonzola,Laticínios
Tofu,Laticínios
Leite de soja em pó,Laticínios
Leite de vaca desnatado,Laticínios
Leite de vaca semidesnatado,Laticínios
Leite não especificado pasteurizado,Laticínios
Iogurte de qualquer sabor light,Laticínios
Iogurte de qualquer sabor diet,Laticínios
Margarina light,Laticínios
Leite de vaca integral orgânico,Laticínios
Leite de vaca fresco orgânico,Laticínios
Leite semidesnatado de vaca orgânico,Laticínios
Creme de leite orgânico,Laticínios
Iogurte de qualquer sabor orgânico,Laticínios
Iogurte de qualquer sabor desnatado orgânico,Laticínios
Iogurte natural de qualquer sabor orgânico,Laticínios
Muçarela light,Laticínios
Queijo muçarela light,Laticínios
Leite de soja com sabor light,Laticínios
Ades light,Laticínios
Creme de leite light,Laticínios
Queijo prato light,Laticínios
Queijo de minas light,Laticínios
Queijo de coalho light,Laticínios
Queijo ricota light,Laticínios
Queijo ralado light,Laticínios
Queijo polenguinho light,Laticínios
Requeijão light,Laticínios
Queijo não especificado light,Laticínios
Leite achocolatado light,Laticínios
Bebida achocolatada light,Laticínios
Leite com sabor diet,Laticínios
Leite achocolatado diet,Laticínios
Bebida achocolatada diet,Laticínios
Leite de soja em pó light,Laticínios
Leite em pó com sabor,Laticínios
Manteiga com ou sem sal light,Laticínios
Queijo de minas frescal orgânico,Laticínios
Queijo de coalho frescal orgânico,Laticínios
Pão de hambúrguer,Panificados
Pão de sal,Panificados
Pão doce,Panificados
Chineque,Panificados
Chineque com farofa,Panificados
Pão de mel,Panificados
Panetone,Panificados
Bisnaguinha,Panificados
Croissant,Panificados
Pão de forma industrializado de qualquer marca,Panificados
Pão de queijo,Panificados
Pão de milho,Panificados
Pão integral,Panificados
Pão não especificado,Panificados
Torrada de qualquer pão,Panificados
Rosca doce,Panificados
Rosquinha doce,Panificados
Rosca salgada,Panificados
Rosquinha salgada,Panificados
Biscoito salgado,Panificados
Presuntinho biscoito,Panificados
Biscoito de polvilho,Panificados
Bolacha salgada,Panificados
Chips (salgadinhos),Panificados
Baconzitos,Panificados
Biscoito salgado integral,Panificados
Biscoito doce,Panificados
Cavaco chinês,Panificados
Sequilho,Panificados
Tareço,Panificados
Solda,Panificados
Brevidade,Panificados
Bolacha doce,Panificados
Maria maluca (bolacha doce),Panificados
Quebra-quebra,Panificados
Rocambole,Panificados
Cuca de qualquer tipo,Panificados
Bolo de milho,Panificados
Amidomil (bolinho),Panificados
Angusor de milho,Panificados
Grustoli (bolinho doce),Panificados
Bolo de aipim,Panificados
Bolo de tapioca,Panificados
Bolo de macaxeira,Panificados
Bolo de goma,Panificados
Bolo de batata-doce,Panificados
Bolo de arroz,Panificados
Bolo de cará,Panificados
Tortas doces de qualquer sabor,Panificados
Tortas salgadas de qualquer sabor,Panificados
Sonho,Panificados
Filhos (bolinho de farinha de trigo e ovos),Panificados
Bolo de chocolate,Panificados
Brioche,Panificados
Bolo de laranja,Panificados
Bolo de coco,Panificados
Bolo de cenoura,Panificados
Bolo de trigo,Panificados
Broa,Panificados
Biscoito recheado,Panificados
Waffer (biscoito),Panificados
Alfajores (biscoito),Panificados
Bolacha recheada,Panificados
Rosca recheada,Panificados
Rosquinha recheada de qualquer sabor,Panificados
Biscoito não especificado,Panificados
Crepe,Panificados
Pão diet (de forma industrializado),Panificados
Pão light (de forma industrializado),Panificados
Pão de queijo light,Panificados
Pão integral light,Panificados
Tortas doces de qualquer sabor light,Panificados
Tortas doces de qualquer sabor diet,Panificados
Filhos (bolinho de farinha de trigo e ovos) light,Panificados
Filhos (bolinho de farinha de trigo e ovos) diet,Panificados
Bolo de chocolate light,Panificados
Bolo de chocolate diet,Panificados
Bolo de laranja light,Panificados
Bolo de coco diet,Panificados
Bolo de cenoura diet,Panificados
Biscoito recheado light,Panificados
Biscoito waffer light,Panificados
Waffer (biscoito) light,Panificados
Alfajores (biscoito) light,Panificados
Bolacha recheada light,Panificados
Biscoito recheado diet,Panificados
Rosquinha recheada de qualquer sabor diet,Panificados
Bolacha recheada diet,Panificados
Pão doce diet,Panificados
Pão de mel diet,Panificados
Panetone diet,Panificados
Biscoito salgado light,Panificados
Bolacha salgada light,Panificados
Chips (salgadinhos) light,Panificados
Biscoito doce light,Panificados
Bolacha doce light,Panificados
Biscoito doce diet,Panificados
Bolacha doce diet,Panificados
Bolo de banana,Panificados
Carne-seca,Carnes industrializadas
Carne de charque,Carnes industrializadas
Jabá,Carnes industrializadas
Carne de sol,Carnes industrializadas
Carne do sertão,Carnes industrializadas
Hambúrguer de carne bovina,Carnes industrializadas
Copa de porco defumada,Carnes industrializadas
Bacon,Carnes industrializadas
Hambúrguer de frango,Carnes industrializadas
Salsicha no varejo,Carnes industrializadas
"Linguiça (suína, bovina, mista, etc.)",Carnes industrializadas
Linguiça de frango,Carnes industrializadas
Chouriço,Carnes industrializadas
Morcela,Carnes industrializadas
Morcilha,Carnes industrializadas
Paio,Carnes industrializadas
Mortadela,Carnes industrializadas
Salame,Carnes industrializadas
Salaminho,Carnes industrializadas
Blanquet de peru,Carnes industrializadas
Presunto ,Carnes industrializadas
Hambúrguer de peru,Carnes industrializadas
Hambúrguer não especificado,Carnes industrializadas
Apresuntado,Carnes industrializadas
Pururuca de porco,Carnes industrializadas
Pele de porco preparada (pururuca),Carnes industrializadas
"Patê (fígado, calabresa, frango, presunto, etc.)",Carnes industrializadas
Carne de aves defumada,Carnes industrializadas
Carne salgada não especificada,Carnes industrializadas
Mini chicken empanado,Carnes industrializadas
Mortadela light,Carnes industrializadas
Salsicha no varejo light,Carnes industrializadas
Salame light,Carnes industrializadas
Blanquet de peru light,Carnes industrializadas
Hambúrguer não especificado light,Carnes industrializadas
Refrigerante de cola tradicional,Bebidas não alcoólicas e infusões
Coca-cola tradicional,Bebidas não alcoólicas e infusões
Fanta laranja tradicional,Bebidas não alcoólicas e infusões
Sukita tradicional,Bebidas não alcoólicas e infusões
Refrigerante de guaraná tradicional,Bebidas não alcoólicas e infusões
Guaraná tradicional,Bebidas não alcoólicas e infusões
Sprit refrigerante tradicional,Bebidas não alcoólicas e infusões
Fanta uva tradicional,Bebidas não alcoólicas e infusões
Refrigerante de cola light,Bebidas não alcoólicas e infusões
Coca-cola light,Bebidas não alcoólicas e infusões
Refrigerante de cola diet,Bebidas não alcoólicas e infusões
Minuano tradicional,Bebidas não alcoólicas e infusões
Mate tradicional,Bebidas não alcoólicas e infusões
Bidu tradicional,Bebidas não alcoólicas e infusões
Fanta laranja light,Bebidas não alcoólicas e infusões
Refrigerante de guaraná light,Bebidas não alcoólicas e infusões
Guaraná light,Bebidas não alcoólicas e infusões
Tubaína tradicional,Bebidas não alcoólicas e infusões
Tubaína light,Bebidas não alcoólicas e infusões
Caldo de cana,Bebidas não alcoólicas e infusões
Garapá,Bebidas não alcoólicas e infusões
Água de coco,Bebidas não alcoólicas e infusões
Q-suco,Bebidas não alcoólicas e infusões
Q-refresko,Bebidas não alcoólicas e infusões
Nescafé,Bebidas não alcoólicas e infusões
Erva-mate,Bebidas não alcoólicas e infusões
Chimarrão,Bebidas não alcoólicas e infusões
Tereré,Bebidas não alcoólicas e infusões
Levedo de cerveja,Bebidas não alcoólicas e infusões
Refrigerante não especificado,Bebidas não alcoólicas e infusões
Cevada em pó,Bebidas não alcoólicas e infusões
Chocomilk ,Bebidas não alcoólicas e infusões
Água tônica tradicional,Bebidas não alcoólicas e infusões
"Chá diet (preto, camomila, erva-cidreira, capim-limão, etc.) ",Bebidas não alcoólicas e infusões
Paraguai refrigerante tradicional,Bebidas não alcoólicas e infusões
Gatorade,Bebidas não alcoólicas e infusões
Bebida energética,Bebidas não alcoólicas e infusões
"Chá (preto, camomila, erva-cidreira, capim-limão, etc.)",Bebidas não alcoólicas e infusões
Café solúvel capuccino ,Bebidas não alcoólicas e infusões
Refrigerante de guaraná diet,Bebidas não alcoólicas e infusões
Guaraná diet,Bebidas não alcoólicas e infusões
Refrigerante de limão diet,Bebidas não alcoólicas e infusões
Fanta uva light,Bebidas não alcoólicas e infusões
Mate light,Bebidas não alcoólicas e infusões
Água tônica light,Bebidas não alcoólicas e infusões
Paraguai refrigerante light,Bebidas não alcoólicas e infusões
Q-suco light,Bebidas não alcoólicas e infusões
Q-refresko light,Bebidas não alcoólicas e infusões
Q-suco diet,Bebidas não alcoólicas e infusões
Café capuccino solúvel light,Bebidas não alcoólicas e infusões
Café capuccino solúvel diet,Bebidas não alcoólicas e infusões
Água tônica diet,Bebidas não alcoólicas e infusões
Refrigerante de quinino dietético,Bebidas não alcoólicas e infusões
Chá mate orgânico,Bebidas não alcoólicas e infusões
Chimarrão orgânico,Bebidas não alcoólicas e infusões
Suco de clorofila,Bebidas não alcoólicas e infusões
Café com farinha,Bebidas não alcoólicas e infusões
Cerveja (com ou sem álcool),Bebidas alcoólicas
Chopp,Bebidas alcoólicas
Aguardente,Bebidas alcoólicas
Cachaça,Bebidas alcoólicas
Batida de qualquer sabor,Bebidas alcoólicas
Rum,Bebidas alcoólicas
Vodka,Bebidas alcoólicas
Uísque,Bebidas alcoólicas
Whisky,Bebidas alcoólicas
Champanhe,Bebidas alcoólicas
Sidra champanhe,Bebidas alcoólicas
Martini,Bebidas alcoólicas
Conhaque,Bebidas alcoólicas
Drink dreher,Bebidas alcoólicas
Licor de qualquer sabor,Bebidas alcoólicas
Cajuína,Bebidas alcoólicas
Vinho,Bebidas alcoólicas
Catuaba,Bebidas alcoólicas
Coquetel de frutas,Bebidas alcoólicas
Caipirinha,Bebidas alcoólicas
Bebida alcoólica ,Bebidas alcoólicas
Vinho orgânico,Bebidas alcoólicas
Cerveja (com ou sem álcool) light,Bebidas alcoólicas
Caxiri (aguardente de mandioca),Bebidas alcoólicas
Azeite de oliva,Óleos e gorduras
Óleo de soja,Óleos e gorduras
Banha suína,Óleos e gorduras
Banha bovina,Óleos e gorduras
Óleo não especificado,Óleos e gorduras
Óleo de dendê,Óleos e gorduras
Salgadinho,Miscelâneas
"Pastel (queijo, carne, palmito, etc.)",Miscelâneas
Croquete ,Miscelâneas
Coxinha ,Miscelâneas
"Empada (queijo, carne, camarão, etc.)",Miscelâneas
"Rissole  (queijo, carne, camarão, etc.)",Miscelâneas
Acarajé,Miscelâneas
Torresmo ,Miscelâneas
Quibe ,Miscelâneas
Abará (Bahia),Miscelâneas
Paçoca de carne de sol,Miscelâneas
Angu frito,Miscelâneas
Angu de milho ,Miscelâneas
Polenta ,Miscelâneas
Esfirra ,Miscelâneas
Esfirra de carne ,Miscelâneas
Esfirra de queijo ,Miscelâneas
Esfirra de ricota ,Miscelâneas
Esfirra de frango ,Miscelâneas
Enroladinho ,Miscelâneas
Bolinho de aipim,Miscelâneas
Bolinho de bacalhau,Miscelâneas
Cachorro-quente ,Miscelâneas
Hambúrguer (sanduíche),Miscelâneas
Cheeseburger ,Miscelâneas
Eggsburger ,Miscelâneas
Bauru ,Miscelâneas
Americano,Miscelâneas
Misto-quente ou frio ,Miscelâneas
Sanduíche de queijo prato,Miscelâneas
Sanduíche de salame,Miscelâneas
Sanduíche de presunto,Miscelâneas
Sanduíche de queijo prato com presunto,Miscelâneas
Sanduíche de mortadela,Miscelâneas
Sanduíche de queijo minas,Miscelâneas
Cheese egg,Miscelâneas
Cheese tudo,Miscelâneas
Sanduíche natural,Miscelâneas
Suco ,Miscelâneas
Suco de abacaxi ,Miscelâneas
Suco de acerola ,Miscelâneas
Suco de beterraba ,Miscelâneas
Suco de cupuaçu ,Miscelâneas
Suco de goiaba ,Miscelâneas
Suco de laranja ,Miscelâneas
Suco de laranja com banana ,Miscelâneas
Suco de laranja e beterraba ,Miscelâneas
Suco de laranja e cenoura ,Miscelâneas
Suco de laranja cenoura e beterraba,Miscelâneas
Suco de mamão ,Miscelâneas
Suco de manga ,Miscelâneas
Suco de maracujá ,Miscelâneas
Suco de melão ,Miscelâneas
Suco de morango ,Miscelâneas
Suco de pêssego ,Miscelâneas
Suco de pêssego em calda ,Miscelâneas
Vitamina ,Miscelâneas
Vitamina de banana ,Miscelâneas
Vitamina de banana com aveia ,Miscelâneas
Vitamina de mamão ,Miscelâneas
Vitamina de abacate ,Miscelâneas
Vitamina de morango ,Miscelâneas
Vitamina mista,Miscelâneas
Vitamina de maçã,Miscelâneas
Refresco ,Miscelâneas
Refresco de caju ,Miscelâneas
Refresco de groselha ,Miscelâneas
Refresco de laranja ,Miscelâneas
Refresco de maracujá ,Miscelâneas
Refresco de limão,Miscelâneas
"Salada ou verdura cozida, exceto de fruta",Miscelâneas
Salada de maionese ,Miscelâneas
Pizza ,Miscelâneas
Lasanha pronta light ,Miscelâneas
Nhoque ,Miscelâneas
Caneloni,Miscelâneas
Capeleti ,Miscelâneas
Ravioli ,Miscelâneas
Calzone ,Miscelâneas
Panqueca,Miscelâneas
Pizza calabreza,Miscelâneas
Pizza muçarela,Miscelâneas
Pizza presunto,Miscelâneas
Pizza portuguesa,Miscelâneas
Macarronada,Miscelâneas
Galeto ,Miscelâneas
Costela,Miscelâneas
Pipoca doce ou salgada ,Miscelâneas
Café ,Miscelâneas
Café com leite ,Miscelâneas
Café tipo expresso,Miscelâneas
Café tipo capuccino,Miscelâneas
Milho cozido ,Miscelâneas
Batata palito,Miscelâneas
Batata palha,Miscelâneas
Mungunzá ,Miscelâneas
Canjica ,Miscelâneas
Curau,Miscelâneas
Farofa ,Miscelâneas
"Mingau (fubá,  aveia, farinha, etc.) ",Miscelâneas
Tacacá ,Miscelâneas
Bolinho de coco ,Miscelâneas
Risoto,Miscelâneas
Vatapá ,Miscelâneas
Farofa pronta ,Miscelâneas
Caldo de carne ,Miscelâneas
Caldo-de-feijão ,Miscelâneas
Caldo de mocotó ,Miscelâneas
Baião de dois,Miscelâneas
Churrasco,Miscelâneas
Sushi,Miscelâneas
Salada de frutas ,Miscelâneas
"Sopa (legumes, carne, etc.)",Miscelâneas
Salpicão ,Miscelâneas
Charuto de repolho,Miscelâneas
Arroz à grega ,Miscelâneas
Arrumadinho,Miscelâneas
Bobó de camarão ,Miscelâneas
"Caruru (quiabo, amendoim, castanha de caju, camarão seco, etc.)",Miscelâneas
Cuscuz paulista ,Miscelâneas
"Empadão (queijo, frango, camarão, palmito, etc.)",Miscelâneas
Farofa de banana,Miscelâneas
Feijão-tropeiro ,Miscelâneas
Galinha com arroz ,Miscelâneas
Galinhada ,Miscelâneas
Moqueca baiana ,Miscelâneas
Omelete ,Miscelâneas
Pirão ,Miscelâneas
Quibebe ,Miscelâneas
Quiche,Miscelâneas
Suflê ,Miscelâneas
Tutu ,Miscelâneas
Moqueca capixaba ,Miscelâneas
Maniçoba ,Miscelâneas
Caldo verde ,Miscelâneas
Arroz de cuxá,Miscelâneas
Angu à baiana,Miscelâneas
Chocolate,Miscelâneas
Gemada ,Miscelâneas
Açaí com granola,Miscelâneas
Suco orgânico ,Miscelâneas
Suco de abacaxi orgânico ,Miscelâneas
Suco de acerola orgânico ,Miscelâneas
Suco de goiaba orgânico ,Miscelâneas
Suco de laranja orgânico ,Miscelâneas
Suco de laranja cenoura e beterraba orgânico ,Miscelâneas
Suco de manga orgânico ,Miscelâneas
Suco de maracujá orgânico ,Miscelâneas
Suco de morango orgânico ,Miscelâneas
Suco de pêssego orgânico ,Miscelâneas
Suco de pêssego em calda orgânico ,Miscelâneas
Pizza pronta light ,Miscelâneas
Macarrão pronto light ,Miscelâneas
Pizza portuguesa light,Miscelâneas
Farofa pronta light em pacote,Miscelâneas
Vaca atolada,Miscelâneas
"Salada ou verdura crua, exceto de fruta",Miscelâneas
Outros legumes cozidos,Miscelâneas
Café da manha,Miscelâneas
Prato de comida brasileira,Miscelâneas
Prato de comida do nordeste,Miscelâneas
Prato de comida do norte,Miscelâneas
Prato de comida do sudeste,Miscelâneas
Prato de comida do sul,Miscelâneas
Prato de comida do centro-oeste,Miscelâneas
Arroz com feijão,Miscelâneas
Pão com manteiga,Miscelâneas
Pão com margarina,Miscelâneas
Pão com ovo,Miscelâneas
"Carne com batata, inhame, batata-baroa ou aipim ",Miscelâneas
"Carne com legumes (exceto batata, inhame e aipim)",Miscelâneas
"Frango com batata, inhame batata-baroa ou aipim",Miscelâneas
"Frango com legumes (exceto batata, inhame e aipim)",Miscelâneas
Abobora com quiabo,Miscelâneas
Arroz carreteiro,Miscelâneas
Maria izabel,Miscelâneas
Arroz de leite,Miscelâneas
Arroz com mandioca,Miscelâneas
Arroz com ovo,Miscelâneas
Palma ,Miscelâneas
